Period,Infant,CodeFemale,focal_unit_name,TakeoverID,focalsample_id,partner_name,Partner.Cat,Duration,Risk
Pre,N,ID11,A,AVO2009-04-15,12504,Alexandra,Sisters,5.87,0
Pre,N,ID11,A,POL2016-03-31,4932,Amelia,Mother-daughter,7.50,0
Pre,N,ID11,A,POL2016-03-31,4933,Amelia,Mother-daughter,0.20,0
Pre,N,ID75,A,DIE2013-03-01,53221,Ani,Other close kin,4.30,0
Pre,N,ID2,A,POL2016-03-31,4944,Aiwa,Mother-daughter,6.17,0
Pre,N,ID2,A,POL2016-03-31,4945,Aiwa,Mother-daughter,1.20,0
Pre,N,ID15,A,POL2016-03-31,4949,Ant,Mother-daughter,1.82,0
Pre,N,ID10,A,DIE2013-03-01,53245,Ani,Mother-daughter,12.20,0
Pre,N,ID10,A,DIE2013-03-01,53246,Alexandra,Other close kin,1.08,0
Pre,N,ID10,A,POL2016-03-31,4954,Autumn,Sisters,2.72,0
Pre,N,ID113,B1,SOL2013-04-05,53281,Bryonny,Other close kin,0.90,0
Pre,N,ID9,B,LUP2016-01-16,4966,Biera,Mother-daughter,6.07,0
Pre,N,ID9,B,LUP2016-01-16,4968,Biera,Mother-daughter,14.22,0
Pre,N,ID9,B,SOL2013-04-05,53301,Brindle,Sisters,2.12,0
Pre,N,ID59,B,GOH2009-07-24,12586,Botox,Non-kin,1.92,1
Pre,N,ID83,B1,SOL2013-04-05,53324,Bryonny,Mother-daughter,1.13,0
Pre,N,ID7,B1,LUP2016-01-16,4980,Buffy,Sisters,7.07,0
Pre,N,ID114,B1,LUP2016-01-16,4988,Buna,Mother-daughter,8.32,0
Pre,N,ID114,B1,LUP2016-01-16,4989,Byork,Non-kin,3.12,1
Pre,N,ID115,B1,LUP2016-01-16,4994,Barbara,Mother-daughter,8.37,0
Pre,N,ID116,B1,SOL2013-04-05,53366,Buna,Non-kin,7.25,1
Pre,N,ID117,B1,LUP2016-01-16,5002,Brindle,Mother-daughter,3.22,0
Pre,N,ID117,B1,LUP2016-01-16,5003,Brindle,Mother-daughter,12.20,0
Pre,N,ID117,B1,LUP2016-01-16,5005,Brindle,Mother-daughter,0.70,0
Pre,N,ID117,B1,LUP2016-01-16,5006,Brindle,Mother-daughter,2.33,0
Pre,N,ID118,B,LEA2009-07-24,12630,Beatrice,Non-kin,3.63,1
Pre,N,ID119,B,LEA2009-07-24,11056,Birtha,Sisters,10.97,0
Pre,N,ID104,B1,LUP2016-01-16,5008,Bossy,Mother-daughter,2.28,0
Pre,N,ID104,B1,LUP2016-01-16,5009,Bossy,Mother-daughter,1.90,0
Pre,N,ID104,B1,LUP2016-01-16,5012,Bossy,Mother-daughter,5.30,0
Pre,N,ID104,B1,LUP2016-01-16,5013,Bossy,Mother-daughter,6.55,0
Pre,N,ID104,B1,SOL2013-04-05,53414,Barbara,Sisters,2.38,0
Pre,N,ID104,B1,SOL2013-04-05,53423,Barbara,Sisters,1.67,0
Pre,N,ID86,B1,LUP2016-01-16,5020,Bianca,Non-kin,0.23,1
Pre,N,ID86,B1,LUP2016-01-16,5023,Bimbi,Non-kin,0.93,1
Pre,N,ID86,B1,LUP2016-01-16,5024,Beverly,Sisters,2.37,0
Pre,N,ID30,B,LUP2016-01-16,5034,Bianca,Mother-daughter,1.88,0
Pre,N,ID30,B,LUP2016-01-16,5035,Bianca,Mother-daughter,7.53,0
Pre,N,ID30,B,LUP2016-01-16,5039,Bianca,Mother-daughter,5.05,0
Pre,N,ID30,B,SOL2013-04-05,53483,Bronte,Non-kin,3.82,1
Pre,N,ID30,B,SOL2013-04-05,53493,Babe,Non-kin,5.95,1
Pre,N,ID120,B1,LUP2016-01-16,5040,Beverly,Non-kin,2.87,1
Pre,N,ID120,B1,LUP2016-01-16,5041,Beverly,Non-kin,0.07,1
Pre,N,ID120,B1,LUP2016-01-16,5042,Bronte,Non-kin,14.32,1
Pre,N,ID66,C3,DIK2011-01-29,14112,Cassie,Non-kin,0.10,1
Pre,N,ID66,C3,DIK2011-01-29,14115,Cassie,Non-kin,12.83,1
Pre,N,ID66,C3,DIK2011-01-29,14118,Cassie,Non-kin,10.17,1
Pre,N,ID66,C3,DIK2011-01-29,14124,Cassie,Non-kin,10.40,1
Pre,N,ID66,C3,DIK2011-01-29,14127,Cassie,Non-kin,9.30,1
Pre,N,ID79,C,WEB2009-04-11,11139,Carmen,Mother-daughter,0.17,0
Pre,N,ID79,C,WEB2009-04-11,11140,Carmen,Mother-daughter,1.28,0
Pre,N,ID79,C,WEB2009-04-11,11140,Coo,Sisters,0.07,0
Pre,N,ID79,C,WEB2009-04-11,11141,Cee,Sisters,0.07,0
Pre,N,ID79,C,WEB2009-04-11,11143,Carmen,Mother-daughter,2.02,0
Pre,N,ID79,C,WEB2009-04-11,11149,Carmen,Mother-daughter,3.30,0
Pre,N,ID79,C,WEB2009-04-11,11164,Carmen,Mother-daughter,2.88,0
Pre,N,ID79,C,WEB2009-04-11,12689,Cee,Sisters,2.93,0
Pre,N,ID79,C,WEB2009-04-11,12690,Cee,Sisters,3.35,0
Pre,N,ID92,C1,NYA2011-11-28,16970,Cali,Mother-daughter,2.05,0
Pre,N,ID92,C1,NYA2011-11-28,16971,Cali,Mother-daughter,6.20,0
Pre,N,ID92,C1,NYA2011-11-28,16973,Coco,Sisters,3.92,0
Pre,N,ID92,C1,NYA2011-11-28,16974,Ceylon,Sisters,0.87,0
Pre,N,ID92,C1,NYA2011-11-28,16974,Coo,Non-kin,0.33,1
Pre,N,ID92,C1,NYA2011-11-28,16978,Ceylon,Sisters,1.38,0
Pre,N,ID92,C1,NYA2011-11-28,16978,Coco,Sisters,0.33,0
Pre,N,ID92,C1,NYA2011-11-28,16983,Cee,Other close kin,0.82,0
Pre,N,ID92,C1,NYA2011-11-28,16986,Coco,Sisters,5.90,0
Pre,N,ID51,C,TEQ2011-03-06,15526,Coco,Mother-daughter,2.78,0
Pre,N,ID51,C,TEQ2011-03-06,15550,Cee,Other close kin,0.05,0
Pre,N,ID51,C,WEB2009-04-11,11179,Coco,Mother-daughter,14.50,0
Pre,N,ID51,C,WEB2009-04-11,11181,Coco,Mother-daughter,12.72,0
Pre,N,ID51,C,WEB2009-04-11,11195,Coco,Mother-daughter,0.73,0
Pre,N,ID51,C,WEB2009-04-11,11196,Cee,Other close kin,1.20,0
Pre,N,ID51,C,WEB2009-04-11,11196,Coco,Mother-daughter,0.95,0
Pre,N,ID51,C,WEB2009-04-11,11207,Coco,Mother-daughter,5.87,0
Pre,N,ID51,C,WEB2009-04-11,11211,Coco,Mother-daughter,0.45,0
Pre,N,ID51,C,WEB2009-04-11,11217,Cali,Mother-daughter,0.37,0
Pre,N,ID51,C,WEB2009-04-11,11217,Coco,Mother-daughter,9.22,0
Pre,N,ID51,C,WEB2009-04-11,12727,Coco,Mother-daughter,9.40,0
Pre,N,ID51,C,WEB2009-04-11,12756,Coco,Mother-daughter,1.22,0
Pre,N,ID54,C3,DIK2011-01-29,14161,Cake,Non-kin,0.07,1
Pre,N,ID54,C3,DIK2011-01-29,14171,Cake,Non-kin,14.70,1
Pre,N,ID54,C3,DIK2011-01-29,14177,Cake,Non-kin,15.10,1
Pre,N,ID54,C3,DIK2011-01-29,14178,Cake,Non-kin,3.82,1
Pre,N,ID54,C3,DIK2011-01-29,14180,Cake,Non-kin,2.52,1
Pre,N,ID54,C3,DIK2011-01-29,14183,Cake,Non-kin,15.05,1
Pre,N,ID54,C3,DIK2011-01-29,14186,Cake,Non-kin,5.10,1
Pre,N,ID54,C3,DIK2011-01-29,14189,Cake,Non-kin,2.37,1
Pre,N,ID54,C3,DIK2011-01-29,14190,Cake,Non-kin,1.00,1
Pre,N,ID54,C3,DIK2011-01-29,14192,Cake,Non-kin,3.40,1
Pre,N,ID54,C3,DIK2011-01-29,14202,Cake,Non-kin,11.08,1
Pre,N,ID121,C5,LEY2019-06-12,26825,Ceylon,Non-kin,1.93,1
Pre,N,ID16,C1,TEQ2011-03-06,14226,Coo,Sisters,1.97,0
Pre,N,ID16,C1,TEQ2011-03-06,15615,Cee,Sisters,0.40,0
Pre,N,ID42,C,TYS2012-03-22,17067,Cassie,Non-kin,4.87,1
Pre,N,ID42,C,TYS2012-03-22,17078,Cassie,Non-kin,3.17,1
Pre,N,ID42,C,TYS2012-03-22,17079,Cassie,Non-kin,0.48,1
Pre,N,ID42,C,TYS2012-03-22,18590,Cassie,Non-kin,1.85,1
Pre,N,ID64,C1,WEB2009-04-11,12850,Cee,Sisters,0.35,0
Pre,N,ID61,C1,TEQ2011-03-06,15715,Corona,Mother-daughter,13.17,0
Pre,N,ID61,C1,TEQ2011-03-06,15721,Corona,Mother-daughter,1.10,0
Pre,N,ID61,C1,TEQ2011-03-06,15727,Corona,Mother-daughter,9.60,0
Pre,N,ID61,C1,TEQ2011-03-06,15730,Ceylon,Sisters,5.38,0
Pre,N,ID61,C1,TEQ2011-03-06,15743,Corona,Mother-daughter,2.65,0
Pre,N,ID61,C1,WEB2009-04-11,11303,Corona,Mother-daughter,11.85,0
Pre,N,ID61,C1,WEB2009-04-11,11304,Corona,Mother-daughter,0.17,0
Pre,N,ID61,C1,WEB2009-04-11,11307,Corona,Mother-daughter,7.40,0
Pre,N,ID61,C1,WEB2009-04-11,11309,Corona,Mother-daughter,3.22,0
Pre,N,ID61,C1,WEB2009-04-11,11312,Corona,Mother-daughter,13.77,0
Pre,N,ID61,C1,WEB2009-04-11,11313,Corona,Mother-daughter,12.10,0
Pre,N,ID61,C1,WEB2009-04-11,11314,Corona,Mother-daughter,4.22,0
Pre,N,ID61,C1,WEB2009-04-11,11317,Corona,Mother-daughter,15.40,0
Pre,N,ID61,C1,WEB2009-04-11,11318,Corona,Mother-daughter,0.55,0
Pre,N,ID61,C1,WEB2009-04-11,11320,Corona,Mother-daughter,13.32,0
Pre,N,ID61,C1,WEB2009-04-11,11322,Corona,Mother-daughter,0.83,0
Pre,N,ID61,C1,WEB2009-04-11,11323,Corona,Mother-daughter,0.45,0
Pre,N,ID61,C1,WEB2009-04-11,11324,Corona,Mother-daughter,0.42,0
Pre,N,ID61,C1,WEB2009-04-11,11326,Corona,Mother-daughter,1.70,0
Pre,N,ID61,C1,WEB2009-04-11,11328,Corona,Mother-daughter,5.77,0
Pre,N,ID61,C1,WEB2009-04-11,12877,Cee,Sisters,2.38,0
Pre,N,ID61,C1,WEB2009-04-11,12881,Corona,Mother-daughter,15.53,0
Pre,N,ID61,C1,WEB2009-04-11,12901,Corona,Mother-daughter,11.38,0
Pre,N,ID61,C1,WEB2009-04-11,12902,Corona,Mother-daughter,0.12,0
Pre,N,ID44,C,TEQ2011-03-06,14294,Coo,Mother-daughter,14.73,0
Pre,N,ID44,C,TEQ2011-03-06,14297,Coo,Mother-daughter,0.65,0
Pre,N,ID44,C,WEB2009-04-11,11339,Coo,Mother-daughter,14.38,0
Pre,N,ID44,C,WEB2009-04-11,11341,Cali,Sisters,0.63,0
Pre,N,ID44,C,WEB2009-04-11,11341,Cee,Sisters,1.73,0
Pre,N,ID44,C,WEB2009-04-11,11341,Coco,Other close kin,0.58,0
Pre,N,ID44,C,WEB2009-04-11,11343,Coo,Mother-daughter,12.33,0
Pre,N,ID44,C,WEB2009-04-11,11344,Coo,Mother-daughter,3.02,0
Pre,N,ID44,C,WEB2009-04-11,11346,Coo,Mother-daughter,15.03,0
Pre,N,ID44,C,WEB2009-04-11,11355,Coo,Mother-daughter,11.93,0
Pre,N,ID45,C5,LEY2019-06-12,32549,Ceylon,Non-kin,0.20,1
Pre,N,ID45,C5,LEY2019-06-12,32549,Cinnamon,Non-kin,0.13,1
Pre,N,ID122,D,RAM2018-11-21,28977,Dessie,Mother-daughter,8.60,0
Pre,N,ID122,D,RAM2018-11-21,32274,Dessie,Mother-daughter,8.58,0
Pre,N,ID122,D,RAM2018-11-21,32346,Dessie,Mother-daughter,7.33,0
Pre,N,ID28,D,DEM2015-03-19,3684,Dixy,Mother-daughter,13.22,0
Pre,N,ID28,D,DEM2015-03-19,3691,Dixy,Mother-daughter,0.22,0
Pre,N,ID28,D,DEM2015-03-19,3703,Dixy,Mother-daughter,3.73,0
Pre,N,ID28,D,DEM2015-03-19,3704,Dixy,Mother-daughter,10.43,0
Pre,N,ID28,D,DEM2015-03-19,8366,Delia,Other close kin,1.28,0
Pre,N,ID28,D,DEM2015-03-19,8366,Dessie,Mother-daughter,1.48,0
Pre,N,ID28,D,DEM2015-03-19,8371,Daisy,Non-kin,9.32,1
Pre,N,ID28,D,DEM2015-03-19,8372,Daisy,Non-kin,2.08,1
Pre,N,ID28,D,DEM2015-03-19,8372,Dolly,Non-kin,3.15,1
Pre,N,ID28,D,DEM2015-03-19,8375,Diana,Non-kin,0.65,1
Pre,N,ID28,D,PEE2018-07-31,24697,Dessie,Mother-daughter,13.77,0
Pre,N,ID28,D,PEE2018-07-31,31232,Dessie,Mother-daughter,0.88,0
Pre,N,ID28,D,PEE2018-07-31,31306,Daenarys,Non-kin,0.95,1
Pre,N,ID28,D,PEE2018-07-31,31597,Dixy,Mother-daughter,6.90,0
Pre,N,ID8,D,DEM2015-03-19,3714,Diana,Mother-daughter,2.07,0
Pre,N,ID8,D,DEM2015-03-19,3719,Diana,Mother-daughter,1.90,0
Pre,N,ID8,D,DEM2015-03-19,3725,Dolly,Mother-daughter,5.90,0
Pre,N,ID8,D,DEM2015-03-19,8383,Dolly,Mother-daughter,0.35,0
Pre,N,ID8,D,DEM2015-03-19,8384,Daisy,Non-kin,12.47,1
Pre,N,ID24,D,DEM2015-03-19,2147,Delia,Sisters,9.62,0
Pre,N,ID24,D,DEM2015-03-19,2154,Delia,Sisters,3.47,0
Pre,N,ID24,D,DEM2015-03-19,2165,Delia,Sisters,2.25,0
Pre,N,ID24,D,DEM2015-03-19,2165,Dixy,Sisters,11.48,0
Pre,N,ID24,D,DEM2015-03-19,2166,Delia,Sisters,6.07,0
Pre,N,ID24,D,DEM2015-03-19,3773,Debra,Mother-daughter,0.68,0
Pre,N,ID24,D,DEM2015-03-19,8392,Daisy,Non-kin,3.12,1
Pre,N,ID24,D,DEM2015-03-19,8394,Delia,Sisters,0.08,0
Pre,N,ID24,D,DEM2015-03-19,8396,Delia,Sisters,4.72,0
Pre,N,ID24,D,PEE2018-07-31,28304,Debra,Mother-daughter,5.00,0
Pre,N,ID24,D,PEE2018-07-31,31307,Daenarys,Mother-daughter,0.03,0
Pre,N,ID13,D,DEM2015-03-19,2201,Dixy,Non-kin,12.52,1
Pre,N,ID13,D,DEM2015-03-19,3821,Delia,Mother-daughter,1.93,0
Pre,N,ID13,D,DEM2015-03-19,3830,Delia,Mother-daughter,2.03,0
Pre,N,ID102,D,PEE2018-07-31,24809,Debra,Mother-daughter,0.68,0
Pre,N,ID102,D,PEE2018-07-31,28471,Debra,Mother-daughter,3.48,0
Pre,N,ID102,D,PEE2018-07-31,31497,Debra,Mother-daughter,13.23,0
Pre,N,ID123,F-old,FRE2009-06-17,11481,Fifa,Sisters,2.13,0
Pre,N,ID123,F-old,FRE2009-06-17,11482,Faye,Sisters,0.42,0
Pre,N,ID124,F-old,FRE2009-06-17,11484,Farrah,Sisters,0.03,0
Pre,N,ID124,F-old,FRE2009-06-17,13114,Fidget,Non-kin,0.05,1
Pre,N,ID124,F-old,FRE2009-06-17,13118,Farrah,Sisters,1.40,0
Pre,N,ID124,F-old,FRE2009-06-17,13120,Fantine,Non-kin,1.15,1
Pre,N,ID124,F-old,FRE2009-06-17,13120,Fifa,Other close kin,0.45,0
Pre,N,ID125,F-old,FRE2009-06-17,13130,Faye,Other close kin,0.50,0
Pre,N,ID125,F-old,FRE2009-06-17,13142,Fidget,Mother-daughter,8.38,0
Pre,N,ID87,G,YOS2015-12-27,5473,Gladys,Sisters,6.73,0
Pre,N,ID126,G,GEO2009-10-19,13178,Gypsy,Non-kin,2.00,1
Pre,N,ID81,G,GEO2009-10-19,13181,Glenda,Mother-daughter,5.87,0
Pre,N,ID81,G,GEO2009-10-19,13185,Ginger,Non-kin,0.33,1
Pre,N,ID81,G,GEO2009-10-19,13187,Glenda,Mother-daughter,10.23,0
Pre,N,ID81,G,YOS2015-12-27,5504,Glenda,Mother-daughter,12.43,0
Pre,N,ID81,G,YOS2015-12-27,5509,Glenda,Mother-daughter,0.42,0
Pre,N,ID81,G,YOS2015-12-27,5511,Glenda,Mother-daughter,0.22,0
Pre,N,ID17,G,GEO2009-10-19,13195,Gladys,Mother-daughter,0.17,0
Pre,N,ID70,G,GEO2009-10-19,13219,Grace,Sisters,2.40,0
Pre,N,ID84,J,MHE2011-03-24,14611,Jinka,Sisters,4.58,0
Pre,N,ID84,J,MHE2011-03-24,14615,Jinka,Sisters,10.15,0
Pre,N,ID84,J,MHE2011-03-24,16166,Jinka,Sisters,1.27,0
Pre,N,ID68,K,LEN2014-03-24,7220,Kylie,Mother-daughter,9.33,0
Pre,N,ID68,K,LEN2014-03-24,7242,Kylie,Mother-daughter,1.33,0
Pre,N,ID91,K,HOO2011-08-17,17544,Keegle,Sisters,3.12,0
Pre,N,ID91,K,HOO2011-08-17,17550,Keegle,Sisters,4.55,0
Pre,N,ID91,K,HOU2009-04-04,11693,Keegle,Sisters,3.28,0
Pre,N,ID91,K,HOU2009-04-04,11693,Kinky,Non-kin,0.82,1
Pre,N,ID127,L,ELR2011-10-30,17584,Little,Non-kin,0.28,1
Pre,N,ID105,L,ELR2011-10-30,17590,Lee,Sisters,0.37,0
Pre,N,ID100,M,OSC2011-08-15,16293,Mary,Mother-daughter,0.48,0
Pre,N,ID100,M,OSC2011-08-15,17602,Mary,Mother-daughter,2.00,0
Pre,N,ID100,M,OSC2011-08-15,17612,Mary,Mother-daughter,0.75,0
Pre,N,ID14,M,OSC2011-08-15,17623,Maze,Sisters,6.28,0
Pre,N,ID14,M,OSC2011-08-15,17629,Monica,Other close kin,1.43,0
Pre,N,ID14,M,OSC2011-08-15,17629,Muppet,Other close kin,4.93,0
Pre,N,ID21,M1,OSC2011-08-15,17734,Maze,Mother-daughter,9.32,0
Pre,N,ID19,M,OSC2011-08-15,17741,Muppet,Other close kin,5.62,0
Pre,N,ID19,M,OSC2011-08-15,17744,Mimi,Non-kin,14.30,1
Pre,N,ID46,N,JOH2011-01-13,14920,Nadia,Mother-daughter,2.65,0
Pre,N,ID46,N,JOH2011-01-13,14930,Nadia,Mother-daughter,5.87,0
Pre,N,ID128,R,ROM2011-06-06,16402,Rita,Sisters,3.62,0
Pre,N,ID128,R,ROM2011-06-06,16402,Roz,Non-kin,3.97,1
Pre,N,ID128,R,ROM2011-06-06,16404,Rita,Sisters,4.70,0
Pre,N,ID128,R,ROM2011-06-06,16405,Rita,Sisters,11.60,0
Pre,N,ID128,R,ROM2011-06-06,17877,Ruby,Non-kin,4.03,1
Pre,N,ID129,R,ROM2011-06-06,16437,Ruby,Non-kin,5.20,1
Pre,N,ID129,R,ROM2011-06-06,16440,Roxanne,Sisters,1.58,0
Pre,N,ID130,R,ROM2011-06-06,16442,Roo,Sisters,0.20,0
Pre,N,ID130,R,ROM2011-06-06,16442,Roz,Mother-daughter,10.45,0
Pre,N,ID130,R,ROM2011-06-06,16442,Ruby,Sisters,2.60,0
Pre,N,ID130,R,ROM2011-06-06,16443,Roz,Mother-daughter,0.12,0
Pre,N,ID130,R,ROM2011-06-06,16446,Ricki,Non-kin,0.68,1
Pre,N,ID131,R,ROM2011-06-06,16472,Roo,Non-kin,7.30,1
Pre,N,ID50,T,VOD2012-03-13,19724,Taffy,Sisters,6.60,0
Pre,N,ID22,T,VOD2012-03-13,18019,Tea,Sisters,2.27,0
Pre,N,ID22,T,VOD2012-03-13,19757,Tail,Mother-daughter,5.97,0
Pre,N,ID22,T,VOD2012-03-13,19758,Tail,Mother-daughter,5.10,0
Pre,N,ID22,T,VOD2012-03-13,55401,Tail,Mother-daughter,5.10,0
Pre,N,ID93,T,TAO2009-08-08,12168,Tail,Mother-daughter,0.85,0
Pre,N,ID98,V,PAO2016-07-12,1443,Vienna,Mother-daughter,1.60,0
Pre,N,ID98,V,PAO2016-07-12,1451,Vienna,Mother-daughter,2.63,0
Pre,N,ID98,V,PAO2016-07-12,1453,Vixen,Non-kin,3.12,1
Pre,N,ID98,V,PAO2016-07-12,1460,Vienna,Mother-daughter,3.05,0
Pre,N,ID98,V,PAO2016-07-12,1461,Vienna,Mother-daughter,5.58,0
Pre,N,ID98,V,QUA2011-02-18,15183,Vampire,Non-kin,5.22,1
Pre,N,ID98,V,QUA2011-02-18,15184,Vivien,Non-kin,0.43,1
Pre,N,ID98,V,QUA2011-02-18,15185,Vespa,Non-kin,2.12,1
Pre,N,ID26,V,PAO2016-07-12,1477,Vye,Sisters,4.88,0
Pre,N,ID26,V,PAO2016-07-12,1479,Violet,Non-kin,0.15,1
Pre,N,ID26,V,QUA2011-02-18,15193,Valerie,Non-kin,0.67,1
Pre,N,ID26,V,QUA2011-02-18,16599,Vye,Sisters,1.32,0
Pre,N,ID106,V,QUA2011-02-18,15210,Violet,Sisters,4.67,0
Pre,N,ID106,V,QUA2011-02-18,15213,Valerie,Non-kin,2.50,1
Pre,N,ID106,V,QUA2011-02-18,15215,Valerie,Non-kin,12.85,1
Pre,N,ID106,V,QUA2011-02-18,15217,Violet,Sisters,0.23,0
Pre,N,ID106,V,QUA2011-02-18,15221,Violet,Sisters,6.73,0
Pre,N,ID106,V,QUA2011-02-18,15223,Violet,Sisters,0.73,0
Pre,N,ID106,V,QUA2011-02-18,15224,Violet,Sisters,0.75,0
Pre,N,ID106,V,QUA2011-02-18,15225,Vampire,Other close kin,0.17,0
Pre,N,ID106,V,QUA2011-02-18,15228,Violet,Sisters,14.67,0
Pre,N,ID106,V,QUA2011-02-18,15233,Violet,Sisters,8.20,0
Pre,N,ID35,V,PAO2016-07-12,1486,Vixen,Non-kin,5.33,1
Pre,N,ID35,V,PAO2016-07-12,1490,Valerie,Mother-daughter,3.10,0
Pre,N,ID35,V,PAO2016-07-12,1504,Vampire,Other close kin,8.57,0
Pre,N,ID35,V,PAO2016-07-12,3149,Vampire,Other close kin,3.52,0
Pre,N,ID35,V,PAO2016-07-12,3149,Vye,Non-kin,3.75,1
Pre,N,ID35,V,PAO2016-07-12,3165,Vivien,Non-kin,9.57,1
Pre,N,ID96,V,PAO2016-07-12,3178,Vye,Mother-daughter,4.28,0
Pre,N,ID96,V,QUA2011-02-18,15239,Vespa,Sisters,5.90,0
Pre,N,ID96,V,QUA2011-02-18,15241,Vespa,Sisters,5.97,0
Pre,N,ID96,V,QUA2011-02-18,15242,Vampire,Non-kin,1.85,1
Pre,N,ID96,V,QUA2011-02-18,15242,Vespa,Sisters,6.27,0
Pre,N,ID96,V,QUA2011-02-18,15243,Vespa,Sisters,4.78,0
Pre,N,ID96,V,QUA2011-02-18,15247,Vespa,Sisters,10.90,0
Pre,N,ID96,V,QUA2011-02-18,15249,Vespa,Sisters,0.43,0
Pre,N,ID96,V,QUA2011-02-18,15251,Vespa,Sisters,2.00,0
Pre,N,ID31,V,PAO2016-07-12,1581,Vienna,Non-kin,1.83,1
Pre,N,ID31,V,QUA2011-02-18,15254,Valerie,Non-kin,4.73,1
Pre,N,ID31,V,QUA2011-02-18,15259,Valerie,Non-kin,0.45,1
Pre,N,ID31,V,QUA2011-02-18,15259,Vye,Other close kin,0.12,0
Pre,N,ID31,V,QUA2011-02-18,15261,Valerie,Non-kin,6.07,1
Pre,N,ID99,V,PAO2016-07-12,1628,Vivien,Other close kin,9.60,0
Pre,N,ID99,V,QUA2011-02-18,15279,Vivien,Other close kin,2.88,0
Pre,N,ID99,V,QUA2011-02-18,15280,Vivien,Other close kin,2.42,0
Pre,N,ID132,Z,ERO2014-05-27,8048,Zoo,Mother-daughter,1.25,0
Pre,N,ID132,Z,ERO2014-05-27,12463,Zion,Other close kin,11.47,0
Pre,Y,ID11,A,OBE2015-03-18,8080,Amelia,Mother-daughter,0.52,0
Pre,Y,ID15,A,DIE2013-03-01,53231,Ant,Mother-daughter,0.30,0
Pre,Y,ID15,A,DIE2013-03-01,53239,Ant,Mother-daughter,2.85,0
Pre,Y,ID59,B,SOL2013-04-05,53312,Beverly,Non-kin,5.60,1
Pre,Y,ID133,B,LEA2009-07-24,11021,Bee,Non-kin,0.85,1
Pre,Y,ID133,B,LEA2009-07-24,12596,Bee,Non-kin,1.45,1
Pre,Y,ID7,B1,SOL2013-04-05,53354,Buna,Other close kin,0.92,0
Pre,Y,ID7,B1,SOL2013-04-05,53358,Bryonny,Sisters,2.62,0
Pre,Y,ID7,B1,SOL2013-04-05,53362,Babe,Non-kin,8.70,1
Pre,Y,ID27,B1,SOL2013-04-05,53385,Bronte,Mother-daughter,4.92,0
Pre,Y,ID27,B1,SOL2013-04-05,53386,Bronte,Mother-daughter,1.32,0
Pre,Y,ID27,B1,SOL2013-04-05,53399,Bronte,Mother-daughter,3.38,0
Pre,Y,ID27,B1,SOL2013-04-05,53402,Bronte,Mother-daughter,14.15,0
Pre,Y,ID82,B3,LUP2016-01-16,5018,Byork,Non-kin,7.67,1
Pre,Y,ID82,B3,SOL2013-04-05,53432,Birtha,Mother-daughter,2.52,0
Pre,Y,ID82,B3,SOL2013-04-05,53433,Birtha,Mother-daughter,2.63,0
Pre,Y,ID82,B3,SOL2013-04-05,53434,Birtha,Mother-daughter,12.17,0
Pre,Y,ID107,B1,SOL2013-04-05,53456,Babe,Other close kin,0.57,0
Pre,Y,ID107,B1,SOL2013-04-05,53457,Babe,Other close kin,0.73,0
Pre,Y,ID79,C,TEQ2011-03-06,14132,Capricorn,Mother-daughter,1.50,0
Pre,Y,ID79,C,TEQ2011-03-06,14141,Capricorn,Mother-daughter,3.27,0
Pre,Y,ID79,C,TEQ2011-03-06,14141,Cee,Sisters,0.07,0
Pre,Y,ID51,C,TEQ2011-03-06,14147,Coco,Mother-daughter,9.15,0
Pre,Y,ID51,C,TEQ2011-03-06,14148,Cali,Mother-daughter,14.38,0
Pre,Y,ID51,C,TEQ2011-03-06,14150,Coco,Mother-daughter,4.68,0
Pre,Y,ID51,C,TEQ2011-03-06,14153,Coco,Mother-daughter,6.03,0
Pre,Y,ID51,C,TEQ2011-03-06,15523,Coco,Mother-daughter,10.13,0
Pre,Y,ID51,C,TEQ2011-03-06,15525,Coco,Mother-daughter,5.08,0
Pre,Y,ID51,C,TEQ2011-03-06,15529,Coco,Mother-daughter,13.35,0
Pre,Y,ID51,C,TEQ2011-03-06,15535,Coco,Mother-daughter,4.10,0
Pre,Y,ID54,C3,IMP2013-08-31,9664,Chuxi,Non-kin,1.88,1
Pre,Y,ID54,C3,TYS2012-03-22,18469,Chuxi,Non-kin,5.32,1
Pre,Y,ID54,C3,TYS2012-03-22,18473,Chuxi,Non-kin,2.28,1
Pre,Y,ID54,C3,TYS2012-03-22,18494,Chuxi,Non-kin,0.68,1
Pre,Y,ID65,C1,TEQ2011-03-06,14218,Capricorn,Other close kin,0.93,0
Pre,Y,ID16,C5,LEY2019-06-12,27641,Cinnamon,Mother-daughter,2.60,0
Pre,Y,ID16,C5,LEY2019-06-12,27814,Coco,Sisters,2.70,0
Pre,Y,ID42,C,IMP2013-08-31,9708,Cassie,Non-kin,2.00,1
Pre,Y,ID42,C,IMP2013-08-31,9717,Capricorn,Other close kin,0.12,0
Pre,Y,ID64,C1,TEQ2011-03-06,14248,Corona,Other close kin,9.13,0
Pre,Y,ID64,C1,TEQ2011-03-06,14249,Carmen,Mother-daughter,0.43,0
Pre,Y,ID64,C1,TEQ2011-03-06,15668,Carmen,Mother-daughter,1.75,0
Pre,Y,ID61,C1,TEQ2011-03-06,14282,Corona,Mother-daughter,0.53,0
Pre,Y,ID61,C1,TEQ2011-03-06,14285,Corona,Mother-daughter,6.75,0
Pre,Y,ID61,C1,TEQ2011-03-06,14286,Corona,Mother-daughter,1.32,0
Pre,Y,ID61,C1,TEQ2011-03-06,14291,Corona,Mother-daughter,13.82,0
Pre,Y,ID44,C,TEQ2011-03-06,14293,Cee,Sisters,1.23,0
Pre,Y,ID44,C,TEQ2011-03-06,14293,Ceylon,Mother-daughter,1.70,0
Pre,Y,ID44,C,TEQ2011-03-06,14293,Coo,Mother-daughter,5.00,0
Pre,Y,ID44,C,TEQ2011-03-06,14304,Ceylon,Mother-daughter,9.58,0
Pre,Y,ID44,C,TEQ2011-03-06,14304,Coo,Mother-daughter,0.70,0
Pre,Y,ID44,C,TEQ2011-03-06,14305,Coo,Mother-daughter,5.08,0
Pre,Y,ID44,C,TEQ2011-03-06,15747,Ceylon,Mother-daughter,1.87,0
Pre,Y,ID44,C,TEQ2011-03-06,15751,Coo,Mother-daughter,10.57,0
Pre,Y,ID44,C,TEQ2011-03-06,15756,Ceylon,Mother-daughter,1.15,0
Pre,Y,ID44,C,TEQ2011-03-06,15756,Coo,Mother-daughter,0.75,0
Pre,Y,ID44,C,TEQ2011-03-06,15768,Coo,Mother-daughter,2.17,0
Pre,Y,ID69,J,MHE2011-03-24,14590,Jools,Sisters,1.73,0
Pre,Y,ID134,K,HOU2009-04-04,11681,Kinky,Mother-daughter,0.97,0
Pre,Y,ID68,K,HOO2011-08-17,16175,Kima,Sisters,6.82,0
Pre,Y,ID68,K,HOO2011-08-17,16176,Kima,Sisters,8.12,0
Pre,Y,ID68,K,HOO2011-08-17,16180,Kima,Sisters,0.12,0
Pre,Y,ID91,K,HOO2011-08-17,16184,Keegle,Sisters,2.05,0
Pre,Y,ID91,K,HOO2011-08-17,16184,Kinky,Non-kin,4.80,1
Pre,Y,ID91,K,HOO2011-08-17,16185,Keegle,Sisters,7.17,0
Pre,Y,ID91,K,HOO2011-08-17,16188,Keegle,Sisters,3.82,0
Pre,Y,ID91,K,HOO2011-08-17,16189,Keegle,Sisters,13.78,0
Pre,Y,ID91,K,HOO2011-08-17,16194,Keegle,Sisters,8.90,0
Pre,Y,ID135,L,ELR2011-10-30,17585,Loo,Sisters,0.50,0
Pre,Y,ID135,L,ELR2011-10-30,17587,Lorna,Other close kin,3.12,0
Pre,Y,ID100,M2,OSC2013-02-25,54595,Mary,Mother-daughter,0.23,0
Pre,Y,ID100,M2,OSC2013-02-25,54598,Mary,Mother-daughter,3.87,0
Pre,Y,ID100,M2,OSC2013-02-25,54598,Moo,Sisters,0.60,0
Pre,Y,ID14,M,OSC2013-02-25,54619,Madeline,Mother-daughter,1.92,0
Pre,Y,ID33,M,OSC2011-08-15,17640,Muppet,Other close kin,3.77,0
Pre,Y,ID33,M,OSC2011-08-15,17643,Monica,Mother-daughter,2.65,0
Pre,Y,ID72,M,OSC2011-08-15,17645,Mouse,Other close kin,3.22,0
Pre,Y,ID72,M,OSC2011-08-15,17650,Mary,Sisters,1.45,0
Pre,Y,ID72,M,OSC2011-08-15,17652,Muppet,Mother-daughter,6.73,0
Pre,Y,ID32,M,OSC2011-08-15,16311,Mary,Mother-daughter,2.05,0
Pre,Y,ID32,M,OSC2011-08-15,16312,Mary,Mother-daughter,0.10,0
Pre,Y,ID32,M,OSC2011-08-15,17682,Madeline,Sisters,10.03,0
Pre,Y,ID32,M,OSC2011-08-15,17682,Mary,Mother-daughter,0.35,0
Pre,Y,ID19,M2,OSC2013-02-25,54834,Mary,Sisters,2.62,0
Pre,Y,ID43,M,OSC2011-08-15,16319,Mimi,Mother-daughter,0.82,0
Pre,Y,ID43,M,OSC2011-08-15,17750,Madeline,Sisters,3.32,0
Pre,Y,ID43,M,OSC2011-08-15,17752,Mimi,Mother-daughter,0.68,0
Pre,Y,ID43,M,OSC2011-08-15,17753,Mimi,Mother-daughter,10.72,0
Pre,Y,ID25,M,OSC2011-08-15,16321,Meena,Mother-daughter,6.38,0
Pre,Y,ID25,M,OSC2011-08-15,17769,Meena,Mother-daughter,1.87,0
Pre,Y,ID108,N,EDW2016-04-15,6013,Noggin,Non-kin,1.45,1
Pre,Y,ID67,R,ROM2011-06-06,16411,Ricki,Sisters,2.62,0
Pre,Y,ID67,R,ROM2011-06-06,16413,Roo,Sisters,7.93,0
Pre,Y,ID67,R,ROM2011-06-06,16416,Roo,Sisters,0.23,0
Pre,Y,ID67,R,ROM2011-06-06,16418,Ricki,Sisters,1.07,0
Pre,Y,ID67,R,ROM2011-06-06,16420,Ricki,Sisters,1.67,0
Pre,Y,ID67,R,ROM2011-06-06,16424,Roz,Sisters,1.77,0
Pre,Y,ID67,R,ROM2011-06-06,16433,Roxanne,Other close kin,11.25,0
Pre,Y,ID136,R,ROM2011-06-06,16456,Roxanne,Mother-daughter,12.93,0
Pre,Y,ID136,R,ROM2011-06-06,16471,Roxanne,Mother-daughter,0.98,0
Pre,Y,ID77,T,VOD2012-03-13,19701,Top,Sisters,2.63,0
Pre,Y,ID60,T,VOD2012-03-13,17947,Trudy,Non-kin,3.43,1
Pre,Y,ID60,T,VOD2012-03-13,17948,Tiny,Non-kin,2.63,1
Pre,Y,ID50,T,VOD2012-03-13,17972,Top,Sisters,1.57,0
Pre,Y,ID80,T,VOD2012-03-13,18002,Taffy,Sisters,0.63,0
Pre,Y,ID73,T,VOD2012-03-13,18011,Tess,Sisters,11.40,0
Pre,Y,ID93,T,VOD2012-03-13,19764,Tea,Sisters,1.28,0
Pre,Y,ID93,T,VOD2012-03-13,19764,Tiny,Sisters,0.05,0
Pre,Y,ID93,T,VOD2012-03-13,55410,Tea,Sisters,1.28,0
Pre,Y,ID93,T,VOD2012-03-13,55410,Tiny,Sisters,0.05,0
Pre,Y,ID112,T,VOD2012-03-13,18033,Taffy,Non-kin,2.18,1
Pre,Y,ID112,T,VOD2012-03-13,18033,Tiny,Non-kin,0.03,1
Pre,Y,ID112,T,VOD2012-03-13,18033,Top,Non-kin,1.68,1
Pre,Y,ID63,T,VOD2012-03-13,19779,Tiny,Sisters,11.32,0
Pre,Y,ID26,V,QUA2011-02-18,15202,Valerie,Non-kin,4.50,1
Pre,Y,ID78,V,PAO2016-07-12,1587,Vivien,Non-kin,1.60,1
Pre,Y,ID78,V,PAO2016-07-12,1605,Vienna,Non-kin,14.83,1
Pre,Y,ID78,V,PAO2016-07-12,1609,Vivien,Non-kin,6.82,1
Pre,Y,ID78,V,PAO2016-07-12,3256,Vampire,Non-kin,0.67,1
Pre,Y,ID99,V,QUA2011-02-18,15277,Valerie,Other close kin,14.43,0
Pre,Y,ID94,Z,ERO2014-05-27,12434,Zamboni,Sisters,0.25,0
Pre,Y,ID52,Z,ERO2014-05-27,12469,Zamboni,Sisters,11.53,0
Post,N,ID11,A,AVO2009-04-15,12503,Alexandra,Sisters,2.05,0
Post,N,ID11,A,AVO2009-04-15,12507,Alexandra,Sisters,3.23,0
Post,N,ID11,A,AVO2009-04-15,12509,Alexandra,Sisters,0.68,0
Post,N,ID11,A,DIE2013-03-01,9454,Ant,Non-kin,5.87,1
Post,N,ID11,A,DIE2013-03-01,9456,Alexandra,Sisters,0.45,0
Post,N,ID11,A,OBE2015-03-18,3354,Amelia,Mother-daughter,0.28,0
Post,N,ID11,A,OBE2015-03-18,3356,Amelia,Mother-daughter,1.30,0
Post,N,ID75,A,DIE2013-03-01,9465,Ant,Other close kin,0.47,0
Post,N,ID75,A,DIE2013-03-01,9467,Ant,Other close kin,0.73,0
Post,N,ID75,A,DIE2013-03-01,9469,Ant,Other close kin,9.52,0
Post,N,ID75,A,DIE2013-03-01,9470,Aiwa,Sisters,1.00,0
Post,N,ID75,A,OBE2015-03-18,3365,Autumn,Non-kin,0.57,1
Post,N,ID2,A,OBE2015-03-18,3370,Aiwa,Mother-daughter,5.65,0
Post,N,ID2,A,OBE2015-03-18,3373,Aiwa,Mother-daughter,0.82,0
Post,N,ID2,A,OBE2015-03-18,3373,Alexandra,Non-kin,2.38,1
Post,N,ID15,A,AVO2009-04-15,12539,Aiwa,Non-kin,1.17,1
Post,N,ID15,A,AVO2009-04-15,12545,Aiwa,Non-kin,0.08,1
Post,N,ID15,A,AVO2009-04-15,12552,Alexandra,Other close kin,12.48,0
Post,N,ID15,A,DIE2013-03-01,9477,Alexandra,Other close kin,3.37,0
Post,N,ID15,A,DIE2013-03-01,9482,Aiwa,Non-kin,2.38,1
Post,N,ID15,A,OBE2015-03-18,3376,Autumn,Mother-daughter,0.05,0
Post,N,ID15,A,OBE2015-03-18,3378,Autumn,Mother-daughter,5.95,0
Post,N,ID15,A,OBE2015-03-18,3381,Autumn,Mother-daughter,0.23,0
Post,N,ID15,A,POL2016-03-31,1706,Autumn,Mother-daughter,2.42,0
Post,N,ID15,A,POL2016-03-31,1707,Aiwa,Non-kin,7.87,1
Post,N,ID15,A,POL2016-03-31,1708,Alexandra,Other close kin,2.75,0
Post,N,ID10,A,DIE2013-03-01,9501,Ani,Mother-daughter,0.82,0
Post,N,ID10,A,OBE2015-03-18,3382,Autumn,Sisters,12.43,0
Post,N,ID55,A,AVO2009-04-15,12569,Ani,Sisters,0.13,0
Post,N,ID55,A,AVO2009-04-15,12570,Aiwa,Sisters,1.53,0
Post,N,ID137,A,POL2016-03-31,1721,Ani,Mother-daughter,8.95,0
Post,N,ID113,B1,SOL2013-04-05,9510,Bee,Non-kin,5.87,1
Post,N,ID9,B3,LUP2016-01-16,26,Biera,Mother-daughter,6.88,0
Post,N,ID59,B,GOH2009-07-24,12590,Botox,Non-kin,0.48,1
Post,N,ID83,B,GOH2009-07-24,12591,Buna,Non-kin,1.13,1
Post,N,ID83,B1,SOL2013-04-05,9531,Brindle,Sisters,2.52,0
Post,N,ID7,B1,SOL2013-04-05,9546,Bee,Sisters,3.85,0
Post,N,ID7,B5,LUP2016-01-16,1736,Buna,Other close kin,3.80,0
Post,N,ID115,B1,LUP2016-01-16,48,Barbara,Mother-daughter,9.80,0
Post,N,ID115,B3,LUP2016-01-16,47,Barbara,Mother-daughter,13.27,0
Post,N,ID115,B3,LUP2016-01-16,51,Barbara,Mother-daughter,0.37,0
Post,N,ID115,B3,LUP2016-01-16,54,Barbara,Mother-daughter,0.22,0
Post,N,ID116,B1,LUP2016-01-16,61,Bianca,Non-kin,0.45,1
Post,N,ID116,B1,SOL2013-04-05,9552,Barbara,Non-kin,1.43,1
Post,N,ID116,B3,LUP2016-01-16,66,Bronte,Non-kin,8.45,1
Post,N,ID138,B,LEA2009-07-24,12618,Betty,Mother-daughter,4.98,0
Post,N,ID104,B1,LUP2016-01-16,83,Barbara,Sisters,3.42,0
Post,N,ID104,B1,SOL2013-04-05,9562,Beatrice,Sisters,1.75,0
Post,N,ID104,B3,LUP2016-01-16,79,Biera,Non-kin,0.28,1
Post,N,ID107,B,GOH2009-07-24,12643,Barbara,Sisters,2.15,0
Post,N,ID107,B,GOH2009-07-24,12643,Bee,Mother-daughter,3.00,0
Post,N,ID107,B,GOH2009-07-24,12644,Bee,Mother-daughter,0.33,0
Post,N,ID30,B,LUP2016-01-16,113,Bianca,Mother-daughter,9.92,0
Post,N,ID30,B,LUP2016-01-16,114,Bianca,Mother-daughter,9.83,0
Post,N,ID30,B,SOL2013-04-05,9615,Bryonny,Other close kin,0.15,0
Post,N,ID120,B3,LUP2016-01-16,117,Bronte,Non-kin,0.60,1
Post,N,ID120,B3,LUP2016-01-16,119,Bronte,Non-kin,2.37,1
Post,N,ID120,B3,LUP2016-01-16,119,Buffy,Non-kin,11.77,1
Post,N,ID66,C3,DIK2011-01-29,15448,Chuxi,Sisters,2.57,0
Post,N,ID66,C3,DIK2011-01-29,15453,Cassie,Non-kin,3.65,1
Post,N,ID66,C3,DIK2011-01-29,15456,Cassie,Non-kin,13.27,1
Post,N,ID66,C3,DIK2011-01-29,15467,Chuxi,Sisters,0.20,0
Post,N,ID66,C3,DIK2011-01-29,15471,Cassie,Non-kin,2.52,1
Post,N,ID66,C3,DIK2011-01-29,15471,Chuxi,Sisters,3.12,0
Post,N,ID66,C3,DIK2011-01-29,15475,Cassie,Non-kin,7.63,1
Post,N,ID66,C3,DIK2011-01-29,15476,Cassie,Non-kin,0.72,1
Post,N,ID66,C3,DIK2011-01-29,15477,Chuxi,Sisters,0.55,0
Post,N,ID66,C3,DIK2011-01-29,16948,Cassie,Non-kin,2.97,1
Post,N,ID66,C3,DIK2011-01-29,16950,Cassie,Non-kin,0.15,1
Post,N,ID66,C3,DIK2011-01-29,16950,Chuxi,Sisters,3.47,0
Post,N,ID66,C3,DIK2011-01-29,16951,Cassie,Non-kin,0.42,1
Post,N,ID66,C3,DIK2011-01-29,16951,Chuxi,Sisters,3.98,0
Post,N,ID66,C3,DIK2011-01-29,16954,Carmen,Non-kin,1.07,1
Post,N,ID79,C,TEQ2011-03-06,15482,Capricorn,Mother-daughter,10.30,0
Post,N,ID79,C,TEQ2011-03-06,15488,Capricorn,Mother-daughter,5.00,0
Post,N,ID79,C,TEQ2011-03-06,15490,Capricorn,Mother-daughter,10.37,0
Post,N,ID79,C,TEQ2011-03-06,15495,Capricorn,Mother-daughter,12.25,0
Post,N,ID79,C,TEQ2011-03-06,15505,Capricorn,Mother-daughter,2.65,0
Post,N,ID79,C,TEQ2011-03-06,15509,Capricorn,Mother-daughter,7.58,0
Post,N,ID79,C,TEQ2011-03-06,15509,Ceylon,Sisters,1.32,0
Post,N,ID79,C,TEQ2011-03-06,16958,Capricorn,Mother-daughter,1.88,0
Post,N,ID79,C,TEQ2011-03-06,16961,Ceylon,Sisters,8.83,0
Post,N,ID79,C,TEQ2011-03-06,16967,Capricorn,Mother-daughter,4.32,0
Post,N,ID79,C,WEB2009-04-11,12680,Carmen,Mother-daughter,4.73,0
Post,N,ID79,C,WEB2009-04-11,12697,Corona,Sisters,0.48,0
Post,N,ID79,C,WEB2009-04-11,12700,Corona,Sisters,0.22,0
Post,N,ID79,C,WEB2009-04-11,12714,Cee,Sisters,7.17,0
Post,N,ID79,C,WEB2009-04-11,12718,Cee,Sisters,0.33,0
Post,N,ID79,C,WEB2009-04-11,12718,Corona,Sisters,0.10,0
Post,N,ID79,C,WEB2009-04-11,12720,Corona,Sisters,4.37,0
Post,N,ID92,C1,NYA2011-11-28,18392,Cali,Mother-daughter,0.45,0
Post,N,ID92,C1,NYA2011-11-28,18394,Cali,Mother-daughter,5.75,0
Post,N,ID92,C1,NYA2011-11-28,18397,Cali,Mother-daughter,0.37,0
Post,N,ID92,C1,NYA2011-11-28,18401,Cali,Mother-daughter,2.03,0
Post,N,ID92,C1,NYA2011-11-28,18404,Cali,Mother-daughter,4.78,0
Post,N,ID92,C1,NYA2011-11-28,18422,Cali,Mother-daughter,8.72,0
Post,N,ID92,C1,NYA2011-11-28,53549,Cali,Mother-daughter,0.37,0
Post,N,ID92,C1,NYA2011-11-28,53551,Cali,Mother-daughter,1.32,0
Post,N,ID92,C1,NYA2011-11-28,53559,Coco,Sisters,9.40,0
Post,N,ID92,C1,NYA2011-11-28,53560,Cali,Mother-daughter,3.70,0
Post,N,ID92,C1,NYA2011-11-28,53570,Cali,Mother-daughter,0.45,0
Post,N,ID92,C1,NYA2011-11-28,53572,Cali,Mother-daughter,0.70,0
Post,N,ID92,C1,NYA2011-11-28,53577,Cali,Mother-daughter,8.72,0
Post,N,ID92,C5,TAL2014-09-22,3414,Cynthia,Sisters,9.18,0
Post,N,ID92,C5,TAL2014-09-22,3439,Cynthia,Sisters,5.92,0
Post,N,ID51,C,TEQ2011-03-06,15524,Coco,Mother-daughter,12.48,0
Post,N,ID51,C,TEQ2011-03-06,15528,Corona,Sisters,1.38,0
Post,N,ID51,C,TEQ2011-03-06,15534,Coco,Mother-daughter,14.93,0
Post,N,ID51,C,TEQ2011-03-06,15537,Coco,Mother-daughter,0.55,0
Post,N,ID51,C,TEQ2011-03-06,15544,Cee,Other close kin,0.35,0
Post,N,ID51,C,TEQ2011-03-06,15544,Coco,Mother-daughter,0.18,0
Post,N,ID51,C,TEQ2011-03-06,15544,Coo,Sisters,1.32,0
Post,N,ID51,C,TEQ2011-03-06,15548,Coco,Mother-daughter,2.62,0
Post,N,ID51,C,TEQ2011-03-06,16991,Coco,Mother-daughter,8.48,0
Post,N,ID51,C,TEQ2011-03-06,16993,Chuxi,Non-kin,1.65,1
Post,N,ID51,C,TEQ2011-03-06,16995,Cali,Mother-daughter,1.05,0
Post,N,ID51,C,TEQ2011-03-06,16995,Coco,Mother-daughter,5.93,0
Post,N,ID51,C,TEQ2011-03-06,17000,Corona,Sisters,0.53,0
Post,N,ID51,C,WEB2009-04-11,12733,Coco,Mother-daughter,5.23,0
Post,N,ID51,C,WEB2009-04-11,12745,Coco,Mother-daughter,1.52,0
Post,N,ID51,C,WEB2009-04-11,12750,Cali,Mother-daughter,1.32,0
Post,N,ID51,C,WEB2009-04-11,12750,Coco,Mother-daughter,0.67,0
Post,N,ID51,C,WEB2009-04-11,12760,Cee,Other close kin,5.55,0
Post,N,ID51,C,WEB2009-04-11,12760,Coco,Mother-daughter,0.72,0
Post,N,ID54,C3,DIK2011-01-29,15556,Carmen,Non-kin,4.02,1
Post,N,ID54,C3,DIK2011-01-29,15556,Cee,Sisters,1.15,0
Post,N,ID54,C3,DIK2011-01-29,15556,Ceylon,Non-kin,2.33,1
Post,N,ID54,C3,DIK2011-01-29,15557,Cake,Non-kin,2.77,1
Post,N,ID54,C3,DIK2011-01-29,15558,Cake,Non-kin,2.57,1
Post,N,ID54,C3,DIK2011-01-29,15562,Chuxi,Non-kin,0.62,1
Post,N,ID54,C3,DIK2011-01-29,15566,Cake,Non-kin,2.70,1
Post,N,ID54,C3,DIK2011-01-29,15570,Cake,Non-kin,2.98,1
Post,N,ID54,C3,DIK2011-01-29,15579,Chuxi,Non-kin,2.50,1
Post,N,ID54,C3,DIK2011-01-29,15583,Chuxi,Non-kin,0.28,1
Post,N,ID54,C3,DIK2011-01-29,15584,Cake,Non-kin,3.17,1
Post,N,ID54,C3,DIK2011-01-29,17011,Cake,Non-kin,1.08,1
Post,N,ID54,C3,DIK2011-01-29,17011,Chuxi,Non-kin,1.72,1
Post,N,ID54,C3,DIK2011-01-29,17015,Cake,Non-kin,3.30,1
Post,N,ID54,C3,DIK2011-01-29,17015,Chuxi,Non-kin,2.52,1
Post,N,ID65,C1,TEQ2011-03-06,15588,Coco,Sisters,2.88,0
Post,N,ID65,C1,TEQ2011-03-06,17029,Capricorn,Other close kin,0.30,0
Post,N,ID65,C1,TEQ2011-03-06,17032,Ceylon,Sisters,2.20,0
Post,N,ID65,C1,WEB2009-04-11,12777,Coco,Sisters,6.23,0
Post,N,ID65,C1,WEB2009-04-11,12795,Coco,Sisters,13.35,0
Post,N,ID65,C1,WEB2009-04-11,12800,Coco,Sisters,0.87,0
Post,N,ID65,C1,WEB2009-04-11,12803,Coco,Sisters,0.42,0
Post,N,ID65,C1,WEB2009-04-11,12803,Coo,Sisters,2.10,0
Post,N,ID16,C1,TEQ2011-03-06,15632,Capricorn,Sisters,0.20,0
Post,N,ID16,C1,TEQ2011-03-06,17040,Cee,Sisters,3.18,0
Post,N,ID16,C1,TEQ2011-03-06,17052,Corona,Mother-daughter,1.00,0
Post,N,ID16,C5,TAL2014-09-22,1882,Coco,Sisters,0.03,0
Post,N,ID16,C5,TAL2014-09-22,1888,Carmen,Other close kin,6.40,0
Post,N,ID16,C5,TAL2014-09-22,1888,Coco,Sisters,0.48,0
Post,N,ID16,C5,TAL2014-09-22,3514,Corona,Mother-daughter,1.43,0
Post,N,ID16,C5,TAL2014-09-22,3514,Cynthia,Non-kin,7.30,1
Post,N,ID16,C5,TAL2014-09-22,8268,Cassie,Non-kin,7.27,1
Post,N,ID16,C5,TAL2014-09-22,8275,Carmen,Other close kin,1.13,0
Post,N,ID16,C5,TAL2014-09-22,8277,Carmen,Other close kin,10.20,0
Post,N,ID16,C5,TAL2014-09-22,8278,Carmen,Other close kin,3.83,0
Post,N,ID16,C5,TAL2014-09-22,8281,Cassie,Non-kin,4.75,1
Post,N,ID139,C2,HOO2009-11-07,12817,Colleen,Non-kin,2.10,1
Post,N,ID42,C,TYS2012-03-22,53747,Cassie,Non-kin,0.65,1
Post,N,ID42,C,TYS2012-03-22,53752,Cassie,Non-kin,1.13,1
Post,N,ID42,C,TYS2012-03-22,53762,Cassie,Non-kin,0.12,1
Post,N,ID64,C1,TEQ2011-03-06,17099,Corona,Other close kin,6.85,0
Post,N,ID64,C1,WEB2009-04-11,12831,Carmen,Mother-daughter,1.15,0
Post,N,ID64,C1,WEB2009-04-11,12831,Cee,Sisters,2.83,0
Post,N,ID64,C1,WEB2009-04-11,12835,Cee,Sisters,9.27,0
Post,N,ID64,C1,WEB2009-04-11,12847,Carmen,Mother-daughter,0.17,0
Post,N,ID64,C5,TAL2014-09-22,1980,Carmen,Mother-daughter,7.22,0
Post,N,ID64,C5,TAL2014-09-22,3596,Corona,Other close kin,4.58,0
Post,N,ID64,C5,TAL2014-09-22,3599,Ceylon,Sisters,0.42,0
Post,N,ID64,C5,TAL2014-09-22,8339,Carmen,Mother-daughter,4.28,0
Post,N,ID61,C1,TEQ2011-03-06,15729,Corona,Mother-daughter,0.05,0
Post,N,ID61,C1,TEQ2011-03-06,15734,Corona,Mother-daughter,0.35,0
Post,N,ID61,C1,TEQ2011-03-06,15739,Ceylon,Sisters,0.23,0
Post,N,ID61,C1,TEQ2011-03-06,17107,Ceylon,Sisters,0.30,0
Post,N,ID61,C1,TEQ2011-03-06,17107,Corona,Mother-daughter,11.05,0
Post,N,ID61,C1,WEB2009-04-11,12880,Corona,Mother-daughter,4.70,0
Post,N,ID61,C1,WEB2009-04-11,12885,Corona,Mother-daughter,0.20,0
Post,N,ID61,C1,WEB2009-04-11,12892,Coco,Other close kin,3.18,0
Post,N,ID61,C1,WEB2009-04-11,12892,Corona,Mother-daughter,7.73,0
Post,N,ID61,C1,WEB2009-04-11,12894,Corona,Mother-daughter,0.62,0
Post,N,ID61,C1,WEB2009-04-11,12910,Corona,Mother-daughter,0.08,0
Post,N,ID44,C,WEB2009-04-11,12925,Coo,Mother-daughter,3.07,0
Post,N,ID44,C,WEB2009-04-11,12927,Coo,Mother-daughter,5.18,0
Post,N,ID44,C,WEB2009-04-11,12928,Coo,Mother-daughter,1.68,0
Post,N,ID44,C,WEB2009-04-11,12941,Coo,Mother-daughter,4.35,0
Post,N,ID44,C,WEB2009-04-11,12946,Coo,Mother-daughter,3.45,0
Post,N,ID122,D,RAM2018-11-21,26851,Dessie,Mother-daughter,13.42,0
Post,N,ID122,D,RAM2018-11-21,26921,Dessie,Mother-daughter,2.23,0
Post,N,ID122,D,RAM2018-11-21,27595,Dessie,Mother-daughter,3.12,0
Post,N,ID122,D,RAM2018-11-21,29041,Dessie,Mother-daughter,2.07,0
Post,N,ID36,D,DEM2015-03-19,3661,Dessie,Non-kin,2.55,1
Post,N,ID36,D,DEM2015-03-19,3669,Delia,Non-kin,0.02,1
Post,N,ID36,D,DEM2015-03-19,3669,Dolly,Non-kin,1.53,1
Post,N,ID28,D,DEM2015-03-19,3678,Dessie,Mother-daughter,1.25,0
Post,N,ID28,D,DEM2015-03-19,3680,Daisy,Non-kin,4.73,1
Post,N,ID28,D,DEM2015-03-19,3681,Dixy,Mother-daughter,4.28,0
Post,N,ID28,D,DEM2015-03-19,3685,Dixy,Mother-daughter,3.67,0
Post,N,ID28,D,DEM2015-03-19,3687,Dixy,Mother-daughter,6.15,0
Post,N,ID28,D,DEM2015-03-19,3688,Dixy,Mother-daughter,12.05,0
Post,N,ID28,D,DEM2015-03-19,3690,Dixy,Mother-daughter,4.57,0
Post,N,ID28,D,DEM2015-03-19,3698,Dixy,Mother-daughter,9.42,0
Post,N,ID28,D,DEM2015-03-19,3701,Dessie,Mother-daughter,1.92,0
Post,N,ID28,D,DEM2015-03-19,3701,Dixy,Mother-daughter,0.08,0
Post,N,ID28,D,DEM2015-03-19,3706,Dixy,Mother-daughter,5.83,0
Post,N,ID28,D,PEE2018-07-31,27591,Dixy,Mother-daughter,11.40,0
Post,N,ID28,D,PEE2018-07-31,28639,Daenarys,Non-kin,7.85,1
Post,N,ID28,D,PEE2018-07-31,29029,Dixy,Mother-daughter,11.98,0
Post,N,ID28,D,PEE2018-07-31,29037,Dessie,Mother-daughter,3.43,0
Post,N,ID8,D,DEM2015-03-19,3710,Daisy,Non-kin,1.40,1
Post,N,ID8,D,DEM2015-03-19,3710,Diana,Mother-daughter,0.27,0
Post,N,ID8,D,DEM2015-03-19,3710,Dolly,Mother-daughter,0.87,0
Post,N,ID8,D,DEM2015-03-19,3715,Diana,Mother-daughter,0.33,0
Post,N,ID8,D,DEM2015-03-19,3715,Dolly,Mother-daughter,2.15,0
Post,N,ID8,D,DEM2015-03-19,3716,Dixy,Non-kin,0.32,1
Post,N,ID8,D,DEM2015-03-19,3716,Dolly,Mother-daughter,6.40,0
Post,N,ID8,D,DEM2015-03-19,3721,Daisy,Non-kin,11.92,1
Post,N,ID8,D,DEM2015-03-19,3722,Diana,Mother-daughter,5.53,0
Post,N,ID8,D,DEM2015-03-19,3729,Dolly,Mother-daughter,5.32,0
Post,N,ID8,D,DEM2015-03-19,3733,Dolly,Mother-daughter,0.47,0
Post,N,ID8,D,DEM2015-03-19,3737,Dolly,Mother-daughter,9.57,0
Post,N,ID24,D,DEM2015-03-19,3758,Debra,Mother-daughter,6.77,0
Post,N,ID24,D,DEM2015-03-19,3763,Debra,Mother-daughter,0.83,0
Post,N,ID24,D,DEM2015-03-19,3770,Diana,Sisters,3.85,0
Post,N,ID24,D,DEM2015-03-19,3771,Debra,Mother-daughter,3.70,0
Post,N,ID24,D,DEM2015-03-19,3774,Diana,Sisters,6.30,0
Post,N,ID24,D,DEM2015-03-19,3781,Delia,Sisters,2.00,0
Post,N,ID24,D,PEE2018-07-31,23607,Daenarys,Mother-daughter,1.37,0
Post,N,ID24,D,PEE2018-07-31,26847,Debra,Mother-daughter,0.07,0
Post,N,ID24,D,PEE2018-07-31,27592,Daenarys,Mother-daughter,4.20,0
Post,N,ID24,D,PEE2018-07-31,27592,Debra,Mother-daughter,8.77,0
Post,N,ID24,D,PEE2018-07-31,28974,Daenarys,Mother-daughter,12.58,0
Post,N,ID24,D,PEE2018-07-31,29023,Dixy,Sisters,3.47,0
Post,N,ID24,D,PEE2018-07-31,29039,Daenarys,Mother-daughter,3.70,0
Post,N,ID24,D,PEE2018-07-31,32087,Daenarys,Mother-daughter,3.87,0
Post,N,ID24,D,PEE2018-07-31,32270,Daenarys,Mother-daughter,0.82,0
Post,N,ID24,D,PEE2018-07-31,32344,Daenarys,Mother-daughter,2.18,0
Post,N,ID13,D,DEM2015-03-19,3816,Daisy,Non-kin,2.25,1
Post,N,ID13,D,DEM2015-03-19,3816,Delia,Mother-daughter,5.60,0
Post,N,ID13,D,DEM2015-03-19,3817,Delia,Mother-daughter,0.42,0
Post,N,ID13,D,DEM2015-03-19,3818,Delia,Mother-daughter,0.80,0
Post,N,ID13,D,DEM2015-03-19,3819,Delia,Mother-daughter,5.70,0
Post,N,ID13,D,DEM2015-03-19,3826,Daisy,Non-kin,2.65,1
Post,N,ID13,D,DEM2015-03-19,3826,Dixy,Non-kin,2.68,1
Post,N,ID13,D,DEM2015-03-19,3829,Delia,Mother-daughter,0.07,0
Post,N,ID13,D,DEM2015-03-19,3831,Delia,Mother-daughter,13.05,0
Post,N,ID13,D,DEM2015-03-19,3833,Delia,Mother-daughter,3.35,0
Post,N,ID13,D,DEM2015-03-19,3835,Daisy,Non-kin,2.52,1
Post,N,ID13,D,DEM2015-03-19,3839,Delia,Mother-daughter,5.95,0
Post,N,ID13,D,DEM2015-03-19,3841,Daisy,Non-kin,4.27,1
Post,N,ID13,D,DEM2015-03-19,5364,Delia,Mother-daughter,1.90,0
Post,N,ID13,D,DEM2015-03-19,5364,Dessie,Sisters,1.13,0
Post,N,ID13,D,DEM2015-03-19,5373,Delia,Mother-daughter,6.23,0
Post,N,ID13,D,DEM2015-03-19,5373,Dessie,Sisters,1.02,0
Post,N,ID102,D,DEM2015-03-19,3859,Delia,Non-kin,4.33,1
Post,N,ID102,D,DEM2015-03-19,3862,Debra,Mother-daughter,2.35,0
Post,N,ID102,D,DEM2015-03-19,3866,Debra,Mother-daughter,5.50,0
Post,N,ID102,D,DEM2015-03-19,3866,Dessie,Sisters,2.22,0
Post,N,ID102,D,DEM2015-03-19,3868,Debra,Mother-daughter,11.72,0
Post,N,ID102,D,DEM2015-03-19,3870,Diana,Non-kin,4.47,1
Post,N,ID102,D,DEM2015-03-19,3873,Debra,Mother-daughter,0.18,0
Post,N,ID102,D,PEE2018-07-31,29019,Debra,Mother-daughter,12.55,0
Post,N,ID89,D,DEM2015-03-19,3878,Daisy,Non-kin,9.38,1
Post,N,ID89,D,DEM2015-03-19,3878,Dixy,Non-kin,5.57,1
Post,N,ID89,D,DEM2015-03-19,3891,Delia,Mother-daughter,7.00,0
Post,N,ID89,D,DEM2015-03-19,3897,Delia,Mother-daughter,0.18,0
Post,N,ID89,D,DEM2015-03-19,5420,Delia,Mother-daughter,5.97,0
Post,N,ID140,E,VEX2016-03-09,2318,Elliana,Non-kin,6.10,1
Post,N,ID123,F-old,FRE2009-06-17,13100,Fidget,Other close kin,4.00,0
Post,N,ID123,F-old,FRE2009-06-17,13100,Fifa,Sisters,8.43,0
Post,N,ID123,F-old,FRE2009-06-17,13103,Fifa,Sisters,4.05,0
Post,N,ID124,F-old,FRE2009-06-17,13109,Fantine,Non-kin,0.33,1
Post,N,ID141,F-old,FRE2009-06-17,13122,Fantine,Other close kin,1.82,0
Post,N,ID141,F-old,FRE2009-06-17,13123,Faye,Non-kin,0.85,1
Post,N,ID141,F-old,FRE2009-06-17,13128,Fifa,Mother-daughter,2.17,0
Post,N,ID125,F-old,FRE2009-06-17,13131,Fidget,Mother-daughter,2.15,0
Post,N,ID125,F-old,FRE2009-06-17,13143,Fidget,Mother-daughter,0.13,0
Post,N,ID88,G,YOS2015-12-27,2359,Glenda,Non-kin,3.92,1
Post,N,ID17,G,GEO2009-10-19,13191,Gladys,Mother-daughter,2.05,0
Post,N,ID17,G,GEO2009-10-19,13194,Gladys,Mother-daughter,7.25,0
Post,N,ID101,G,GEO2009-10-19,13208,Gypsy,Sisters,2.83,0
Post,N,ID69,J,ERC2014-10-24,4037,Jools,Sisters,3.25,0
Post,N,ID69,J,MHE2011-03-24,16125,Jools,Sisters,4.95,0
Post,N,ID84,J,MHE2011-03-24,17503,Jinka,Sisters,10.22,0
Post,N,ID84,J,MHE2011-03-24,17513,Jinka,Sisters,0.03,0
Post,N,ID84,J,MHE2011-03-24,17520,Jinka,Sisters,0.13,0
Post,N,ID84,J1,ERC2014-10-24,2463,Jinka,Sisters,5.13,0
Post,N,ID84,J1,ERC2014-10-24,2477,Jinka,Sisters,6.48,0
Post,N,ID68,K,HOU2009-04-04,13326,Kima,Sisters,0.42,0
Post,N,ID68,K,HOU2009-04-04,13331,Kima,Sisters,0.32,0
Post,N,ID68,K,LEN2014-03-24,7216,Kylie,Mother-daughter,6.33,0
Post,N,ID68,K,LEN2014-03-24,7229,Kylie,Mother-daughter,0.32,0
Post,N,ID91,K,HOU2009-04-04,13338,Keegle,Sisters,9.47,0
Post,N,ID91,K,HOU2009-04-04,13342,Kara,Non-kin,0.58,1
Post,N,ID91,K,HOU2009-04-04,13346,Keegle,Sisters,1.18,0
Post,N,ID91,K,HOU2009-04-04,13351,Keegle,Sisters,3.92,0
Post,N,ID142,K,HOU2009-04-04,13354,Kara,Mother-daughter,7.92,0
Post,N,ID142,K,HOU2009-04-04,13357,Kara,Mother-daughter,0.20,0
Post,N,ID142,K,HOU2009-04-04,13358,Kara,Mother-daughter,3.02,0
Post,N,ID142,K,HOU2009-04-04,13362,Kara,Mother-daughter,5.78,0
Post,N,ID142,K,HOU2009-04-04,13362,Keegle,Non-kin,0.05,1
Post,N,ID71,K,LEN2014-03-24,8715,Keegle,Mother-daughter,4.93,0
Post,N,ID62,L,ELR2011-10-30,19223,Linzy,Non-kin,1.32,1
Post,N,ID62,L,ELR2011-10-30,19223,Lorna,Sisters,3.35,0
Post,N,ID62,L,ELR2011-10-30,54530,Lolita,Sisters,1.75,0
Post,N,ID127,L,ELR2011-10-30,19241,Little,Non-kin,13.83,1
Post,N,ID127,L,ELR2011-10-30,54537,Loo,Non-kin,2.33,1
Post,N,ID127,L,ELR2011-10-30,54541,Little,Non-kin,13.83,1
Post,N,ID135,L,ELR2011-10-30,19243,Lolita,Other close kin,0.40,0
Post,N,ID135,L,ELR2011-10-30,54543,Luna,Mother-daughter,2.45,0
Post,N,ID143,L,ELR2011-10-30,19246,Lorna,Mother-daughter,4.55,0
Post,N,ID143,L,ELR2011-10-30,54553,Lorna,Mother-daughter,4.55,0
Post,N,ID143,L,ELR2011-10-30,54554,Lee,Non-kin,1.73,1
Post,N,ID143,L,ELR2011-10-30,54554,Linzy,Non-kin,0.43,1
Post,N,ID143,L,ELR2011-10-30,54554,Lorna,Mother-daughter,1.88,0
Post,N,ID144,L,ELR2011-10-30,19271,Lisa,Mother-daughter,5.62,0
Post,N,ID144,L,ELR2011-10-30,54580,Lisa,Mother-daughter,5.62,0
Post,N,ID100,M,OSC2011-08-15,17610,Monica,Non-kin,3.30,1
Post,N,ID100,M,OSC2011-08-15,17610,Moo,Sisters,1.97,0
Post,N,ID100,M,OSC2011-08-15,17611,Monica,Non-kin,0.83,1
Post,N,ID100,M2,OSC2011-08-15,19284,Mary,Mother-daughter,5.48,0
Post,N,ID100,M2,OSC2011-08-15,19286,Mary,Mother-daughter,6.25,0
Post,N,ID100,M2,OSC2011-08-15,54590,Mary,Mother-daughter,5.48,0
Post,N,ID100,M3,OSC2013-02-25,10183,Mary,Mother-daughter,10.45,0
Post,N,ID14,M,OSC2011-08-15,17625,Muppet,Other close kin,1.03,0
Post,N,ID14,M,OSC2011-08-15,19301,Madeline,Mother-daughter,6.92,0
Post,N,ID14,M,OSC2011-08-15,19301,Moo,Sisters,0.07,0
Post,N,ID14,M,OSC2011-08-15,19303,Madeline,Mother-daughter,12.72,0
Post,N,ID14,M,OSC2011-08-15,19307,Madeline,Mother-daughter,1.25,0
Post,N,ID14,M,QUI2010-01-31,13411,Midge,Mother-daughter,2.57,0
Post,N,ID14,M,QUI2010-01-31,14765,Midge,Mother-daughter,0.32,0
Post,N,ID33,M,QUI2010-01-31,14805,Monica,Mother-daughter,5.15,0
Post,N,ID33,M,QUI2010-01-31,14805,Moo,Sisters,2.92,0
Post,N,ID33,M1,OSC2011-08-15,19330,Monica,Mother-daughter,5.85,0
Post,N,ID72,M,QUI2010-01-31,14823,Muppet,Mother-daughter,0.95,0
Post,N,ID72,M1,OSC2011-08-15,17648,Monica,Other close kin,3.42,0
Post,N,ID72,M1,OSC2011-08-15,19355,Monica,Other close kin,5.32,0
Post,N,ID32,M,QUI2010-01-31,14833,Mary,Mother-daughter,4.95,0
Post,N,ID32,M,QUI2010-01-31,14843,Meena,Other close kin,4.53,0
Post,N,ID32,M1,OSC2011-08-15,19393,Moo,Sisters,4.70,0
Post,N,ID32,M1,OSC2011-08-15,19401,Mary,Mother-daughter,10.77,0
Post,N,ID34,M,OSC2011-08-15,17690,Maze,Non-kin,8.03,1
Post,N,ID34,M,QUI2010-01-31,14849,Mouse,Mother-daughter,4.20,0
Post,N,ID34,M,QUI2010-01-31,14856,Mouse,Mother-daughter,14.83,0
Post,N,ID3,M,QUI2011-10-25,17718,Maze,Sisters,0.30,0
Post,N,ID3,M1,QUI2011-10-25,17721,Maze,Sisters,3.15,0
Post,N,ID3,M1,QUI2011-10-25,17721,Mimi,Non-kin,2.65,1
Post,N,ID3,M1,QUI2011-10-25,17722,Muppet,Other close kin,5.20,0
Post,N,ID3,M1,QUI2011-10-25,19431,Monica,Mother-daughter,1.68,0
Post,N,ID3,M1,QUI2011-10-25,19434,Mimi,Non-kin,4.23,1
Post,N,ID3,M1,QUI2011-10-25,19434,Monica,Mother-daughter,3.98,0
Post,N,ID3,M1,QUI2011-10-25,19443,Monica,Mother-daughter,1.47,0
Post,N,ID3,M1,QUI2011-10-25,19444,Maze,Sisters,5.93,0
Post,N,ID3,M1,QUI2011-10-25,19449,Midge,Non-kin,1.90,1
Post,N,ID3,M1,QUI2011-10-25,19449,Monica,Mother-daughter,0.60,0
Post,N,ID3,M1,QUI2011-10-25,54787,Monica,Mother-daughter,8.35,0
Post,N,ID3,M1,QUI2011-10-25,54787,Mouse,Other close kin,2.70,0
Post,N,ID3,M1,QUI2011-10-25,54790,Monica,Mother-daughter,0.97,0
Post,N,ID3,M1,QUI2011-10-25,54792,Monica,Mother-daughter,1.68,0
Post,N,ID3,M1,QUI2011-10-25,54794,Monica,Mother-daughter,2.57,0
Post,N,ID21,M1,QUI2010-01-31,14863,Maze,Mother-daughter,0.75,0
Post,N,ID21,M1,QUI2010-01-31,14864,Maze,Mother-daughter,5.73,0
Post,N,ID21,M1,QUI2010-01-31,14876,Muppet,Non-kin,6.73,1
Post,N,ID19,M,OSC2011-08-15,17746,Mouse,Other close kin,0.78,0
Post,N,ID19,M,QUI2010-01-31,14890,Mary,Sisters,1.53,0
Post,N,ID43,M,QUI2010-01-31,14902,Midge,Sisters,0.67,0
Post,N,ID43,M1,OSC2011-08-15,17755,Mary,Non-kin,2.07,1
Post,N,ID43,M1,OSC2011-08-15,19494,Monica,Non-kin,1.98,1
Post,N,ID43,M1,OSC2011-08-15,19509,Midge,Sisters,0.15,0
Post,N,ID43,M1,OSC2011-08-15,54847,Monica,Non-kin,1.98,1
Post,N,ID40,M1,OSC2013-02-25,10359,Mimi,Mother-daughter,0.12,0
Post,N,ID40,M1,OSC2013-02-25,10362,Mimi,Mother-daughter,6.30,0
Post,N,ID40,M1,OSC2013-02-25,10362,Mouse,Sisters,4.13,0
Post,N,ID25,M1,OSC2011-08-15,17765,Midge,Sisters,8.83,0
Post,N,ID25,M1,OSC2011-08-15,19533,Mimi,Other close kin,0.98,0
Post,N,ID25,M1,OSC2011-08-15,19533,Monica,Non-kin,0.60,1
Post,N,ID25,M1,OSC2011-08-15,19536,Meena,Mother-daughter,7.75,0
Post,N,ID25,M1,OSC2011-08-15,19538,Meena,Mother-daughter,0.60,0
Post,N,ID46,N,JOH2011-01-13,14923,Nadia,Mother-daughter,2.08,0
Post,N,ID46,N,JOH2011-01-13,14925,Nadia,Mother-daughter,3.40,0
Post,N,ID46,N,JOH2011-01-13,16336,Nadia,Mother-daughter,7.08,0
Post,N,ID46,N,JOH2011-01-13,16336,Noggin,Sisters,4.15,0
Post,N,ID46,N,JOH2011-01-13,16337,Nadia,Mother-daughter,1.88,0
Post,N,ID46,N,JOH2011-01-13,16337,Noggin,Sisters,0.38,0
Post,N,ID46,N,JOH2011-01-13,16343,Nadia,Mother-daughter,1.83,0
Post,N,ID46,N,JOH2011-01-13,16343,Noggin,Sisters,1.63,0
Post,N,ID46,N,JOH2011-01-13,16345,Nadia,Mother-daughter,5.35,0
Post,N,ID46,N,JOH2011-01-13,17781,Noggin,Sisters,6.87,0
Post,N,ID128,R,ROM2011-06-06,17880,Red,Non-kin,1.12,1
Post,N,ID129,R,ROM2011-06-06,17889,Roz,Other close kin,2.63,0
Post,N,ID136,R,ROM2011-06-06,17895,Ricki,Non-kin,0.32,1
Post,N,ID77,T,OPT2010-02-26,13609,Tea,Sisters,2.95,0
Post,N,ID77,T,OPT2010-02-26,13610,Tail,Other close kin,0.65,0
Post,N,ID77,T,VOD2012-03-13,55196,Thandi,Non-kin,0.05,1
Post,N,ID77,T,VOD2012-03-13,55199,Tea,Sisters,0.53,0
Post,N,ID77,T,VOD2012-03-13,55204,Tea,Sisters,3.65,0
Post,N,ID49,T,UBE2017-02-12,1421,Taffy,Non-kin,1.43,1
Post,N,ID49,T,VOD2012-03-13,55308,Tuk Tuk,Non-kin,1.68,1
Post,N,ID49,T,VOD2012-03-13,55316,Thandi,Non-kin,0.22,1
Post,N,ID145,T,IHU2017-06-24,24584,Tea,Mother-daughter,0.47,0
Post,N,ID50,T,TAO2009-08-08,13638,Top,Sisters,0.23,0
Post,N,ID50,T,UBE2017-02-12,1422,Taffy,Sisters,10.47,0
Post,N,ID50,T,VOD2012-03-13,55325,Tess,Sisters,3.15,0
Post,N,ID50,T,VOD2012-03-13,55332,Taffy,Sisters,0.87,0
Post,N,ID80,T,OPT2010-02-26,13646,Taffy,Sisters,0.02,0
Post,N,ID80,T,OPT2010-02-26,13646,Trudy,Non-kin,2.47,1
Post,N,ID80,T,OPT2010-02-26,13647,Tiny,Sisters,1.80,0
Post,N,ID1,T,VOD2012-03-13,55370,Tiny,Sisters,0.68,0
Post,N,ID1,T,VOD2012-03-13,55370,Tuk Tuk,Sisters,0.90,0
Post,N,ID1,T,VOD2012-03-13,55374,Tuk Tuk,Sisters,5.97,0
Post,N,ID22,T,VOD2012-03-13,55404,Tiny,Non-kin,1.32,1
Post,N,ID22,T,VOD2012-03-13,55404,Top,Sisters,1.12,0
Post,N,ID22,T,VOD2012-03-13,55406,Tess,Sisters,3.15,0
Post,N,ID112,T,UBE2017-02-12,1432,Tess,Non-kin,0.05,1
Post,N,ID112,T,UBE2017-02-12,1433,Tater,Non-kin,3.65,1
Post,N,ID146,T,TAO2009-08-08,13676,Tail,Sisters,0.90,0
Post,N,ID146,T,TAO2009-08-08,13684,Tiny,Sisters,0.28,0
Post,N,ID146,T,TAO2009-08-08,13687,Tiny,Sisters,2.23,0
Post,N,ID98,V,PAO2016-07-12,3114,Virga,Non-kin,6.62,1
Post,N,ID98,V,QUA2011-02-18,16563,Vye,Other close kin,8.30,0
Post,N,ID98,V,QUA2011-02-18,16568,Vye,Other close kin,0.63,0
Post,N,ID98,V,QUA2011-02-18,16570,Violet,Other close kin,7.05,0
Post,N,ID98,V,QUA2011-02-18,16571,Vivien,Non-kin,3.87,1
Post,N,ID98,V,QUA2011-02-18,16574,Violet,Other close kin,4.18,0
Post,N,ID98,V,QUA2011-02-18,18053,Vampire,Non-kin,14.10,1
Post,N,ID26,V,PAO2016-07-12,3131,Virga,Non-kin,0.80,1
Post,N,ID26,V,QUA2011-02-18,16578,Vespa,Other close kin,3.30,0
Post,N,ID26,V,QUA2011-02-18,16610,Valerie,Non-kin,9.53,1
Post,N,ID26,V,QUA2011-02-18,18077,Violet,Non-kin,9.72,1
Post,N,ID26,V,QUA2011-02-18,18077,Vye,Sisters,1.37,0
Post,N,ID106,V,QUA2011-02-18,16612,Violet,Sisters,1.17,0
Post,N,ID106,V,QUA2011-02-18,16616,Violet,Sisters,1.50,0
Post,N,ID106,V,QUA2011-02-18,16618,Vampire,Other close kin,12.85,0
Post,N,ID106,V,QUA2011-02-18,16622,Violet,Sisters,0.70,0
Post,N,ID106,V,QUA2011-02-18,16626,Violet,Sisters,2.10,0
Post,N,ID106,V,QUA2011-02-18,16628,Vivien,Mother-daughter,7.40,0
Post,N,ID106,V,QUA2011-02-18,16630,Violet,Sisters,2.92,0
Post,N,ID106,V,QUA2011-02-18,18093,Vivien,Mother-daughter,4.45,0
Post,N,ID96,V,PAO2016-07-12,3181,Vivien,Non-kin,4.42,1
Post,N,ID96,V,QUA2011-02-18,16633,Vampire,Non-kin,1.45,1
Post,N,ID96,V,QUA2011-02-18,16637,Vespa,Sisters,5.48,0
Post,N,ID96,V,QUA2011-02-18,16638,Vivien,Non-kin,1.27,1
Post,N,ID96,V,QUA2011-02-18,16638,Vye,Mother-daughter,3.37,0
Post,N,ID96,V,QUA2011-02-18,16646,Vespa,Sisters,1.60,0
Post,N,ID96,V,QUA2011-02-18,16649,Vespa,Sisters,4.15,0
Post,N,ID96,V,QUA2011-02-18,16650,Vespa,Sisters,1.75,0
Post,N,ID96,V,QUA2011-02-18,16652,Valerie,Other close kin,5.10,0
Post,N,ID96,V,QUA2011-02-18,18111,Vespa,Sisters,0.77,0
Post,N,ID31,V,QUA2011-02-18,16663,Vye,Other close kin,0.32,0
Post,N,ID31,V,QUA2011-02-18,16665,Vye,Other close kin,12.67,0
Post,N,ID31,V,QUA2011-02-18,16670,Valerie,Non-kin,11.12,1
Post,N,ID31,V,QUA2011-02-18,16672,Violet,Non-kin,2.47,1
Post,N,ID31,V,QUA2011-02-18,16676,Vye,Other close kin,0.58,0
Post,N,ID31,V,QUA2011-02-18,18122,Vampire,Non-kin,1.10,1
Post,N,ID99,V,QUA2011-02-18,16680,Vivien,Other close kin,10.05,0
Post,N,ID99,V,QUA2011-02-18,16684,Vampire,Sisters,1.03,0
Post,N,ID99,V,QUA2011-02-18,16684,Vivien,Other close kin,0.03,0
Post,N,ID99,V,QUA2011-02-18,16690,Vivien,Other close kin,13.75,0
Post,N,ID99,V,QUA2011-02-18,16701,Vampire,Sisters,8.65,0
Post,N,ID99,V,QUA2011-02-18,16702,Vampire,Sisters,5.73,0
Post,N,ID99,V,QUA2011-02-18,18145,Vampire,Sisters,3.52,0
Post,N,ID85,Z,ERO2014-05-27,8012,Zimbaba,Sisters,5.17,0
Post,N,ID85,Z2,ERO2014-05-27,8010,Zoo,Other close kin,1.17,0
Post,N,ID85,Z2,ERO2014-05-27,9388,Zee,Sisters,6.78,0
Post,N,ID56,Z,ERO2014-05-27,8018,Zoo,Non-kin,1.02,1
Post,N,ID56,Z,ERO2014-05-27,8021,Zamboni,Non-kin,0.98,1
Post,N,ID56,Z,ERO2014-05-27,8021,Zebra,Non-kin,0.40,1
Post,N,ID56,Z,ERO2014-05-27,8021,Zimbaba,Non-kin,1.67,1
Post,N,ID56,Z,ERO2014-05-27,8021,Zoo,Non-kin,2.57,1
Post,N,ID56,Z3,ERO2014-05-27,9397,Zoo,Non-kin,0.48,1
Post,N,ID56,Z3,ERO2014-05-27,9400,Zoe,Non-kin,5.55,1
Post,N,ID56,Z3,ERO2014-05-27,9401,Zamboni,Non-kin,5.62,1
Post,N,ID90,Z,ERO2014-05-27,8025,Zoo,Mother-daughter,0.10,0
Post,N,ID90,Z3,ERO2014-05-27,9402,Zoo,Mother-daughter,0.10,0
Post,N,ID132,Z,ERO2014-05-27,8051,Zara,Non-kin,1.93,1
Post,N,ID132,Z5,ERO2014-05-27,9425,Zee,Other close kin,1.37,0
Post,N,ID132,Z5,ERO2014-05-27,9426,Zamboni,Sisters,2.47,0
Post,Y,ID75,A,POL2016-03-31,1687,Aiwa,Sisters,9.75,0
Post,Y,ID59,B,SOL2013-04-05,9523,Buffy,Non-kin,4.20,1
Post,Y,ID59,B,SOL2013-04-05,9528,Bimbi,Non-kin,9.73,1
Post,Y,ID59,B,SOL2013-04-05,9529,Buffy,Non-kin,4.98,1
Post,Y,ID133,B,LEA2009-07-24,12604,Brenda,Sisters,1.05,0
Post,Y,ID133,B,LEA2009-07-24,12605,Bombolino,Mother-daughter,3.18,0
Post,Y,ID133,B,LEA2009-07-24,12605,Buna,Sisters,0.12,0
Post,Y,ID138,B,LEA2009-07-24,12622,Betty,Mother-daughter,0.75,0
Post,Y,ID117,B1,LUP2016-01-16,69,Byork,Non-kin,4.08,1
Post,Y,ID117,B1,LUP2016-01-16,75,Bronte,Non-kin,1.48,1
Post,Y,ID117,B3,LUP2016-01-16,68,Brindle,Mother-daughter,7.08,0
Post,Y,ID117,B3,LUP2016-01-16,70,Bimbi,Non-kin,0.37,1
Post,Y,ID117,B3,LUP2016-01-16,71,Bronte,Non-kin,0.80,1
Post,Y,ID117,B3,LUP2016-01-16,73,Bimbi,Non-kin,0.37,1
Post,Y,ID117,B3,LUP2016-01-16,74,Brindle,Mother-daughter,7.33,0
Post,Y,ID82,B3,LUP2016-01-16,91,Byork,Non-kin,10.98,1
Post,Y,ID82,B3,LUP2016-01-16,93,Bimbi,Non-kin,14.78,1
Post,Y,ID82,B3,LUP2016-01-16,95,Bossy,Non-kin,3.67,1
Post,Y,ID82,B3,LUP2016-01-16,95,Byork,Non-kin,6.50,1
Post,Y,ID92,C5,TAL2014-09-22,1781,Cynthia,Sisters,6.40,0
Post,Y,ID92,C5,TAL2014-09-22,1788,Coco,Sisters,12.18,0
Post,Y,ID92,C5,TAL2014-09-22,1795,Coco,Sisters,13.32,0
Post,Y,ID92,C5,TAL2014-09-22,8216,Coco,Sisters,12.03,0
Post,Y,ID92,C5,TAL2014-09-22,8223,Coco,Sisters,12.40,0
Post,Y,ID92,C5,TAL2014-09-22,8227,Ceylon,Sisters,2.48,0
Post,Y,ID54,C3,IMP2013-08-31,11226,Capricorn,Other close kin,4.00,0
Post,Y,ID54,C3,IMP2013-08-31,11226,Coco,Non-kin,7.50,1
Post,Y,ID54,C3,TYS2012-03-22,18466,Chuxi,Non-kin,10.63,1
Post,Y,ID54,C3,TYS2012-03-22,53620,Chuxi,Non-kin,10.63,1
Post,Y,ID54,C3,TYS2012-03-22,53649,Chuxi,Non-kin,1.28,1
Post,Y,ID54,C3,TYS2012-03-22,53659,Chuxi,Non-kin,3.45,1
Post,Y,ID42,C,IMP2013-08-31,11269,Cee,Other close kin,2.47,0
Post,Y,ID64,C1,TEQ2011-03-06,15660,Carmen,Mother-daughter,0.60,0
Post,Y,ID64,C1,TEQ2011-03-06,15664,Carmen,Mother-daughter,1.78,0
Post,Y,ID64,C1,TEQ2011-03-06,15664,Ceylon,Sisters,1.15,0
Post,Y,ID64,C1,TEQ2011-03-06,15666,Carmen,Mother-daughter,9.95,0
Post,Y,ID64,C1,TEQ2011-03-06,15666,Coo,Other close kin,0.25,0
Post,Y,ID64,C1,TEQ2011-03-06,15669,Corona,Other close kin,1.77,0
Post,Y,ID64,C1,TEQ2011-03-06,15673,Carmen,Mother-daughter,12.98,0
Post,Y,ID64,C1,TEQ2011-03-06,15690,Carmen,Mother-daughter,14.55,0
Post,Y,ID64,C1,TEQ2011-03-06,17083,Carmen,Mother-daughter,0.83,0
Post,Y,ID64,C1,TEQ2011-03-06,17089,Cee,Sisters,2.15,0
Post,Y,ID64,C1,TEQ2011-03-06,17092,Capricorn,Sisters,0.53,0
Post,Y,ID64,C5,TAL2014-09-22,8341,Carmen,Mother-daughter,6.18,0
Post,Y,ID44,C,TEQ2011-03-06,15749,Ceylon,Mother-daughter,1.97,0
Post,Y,ID44,C,TEQ2011-03-06,15749,Coo,Mother-daughter,2.23,0
Post,Y,ID44,C,TEQ2011-03-06,15753,Coo,Mother-daughter,11.23,0
Post,Y,ID44,C,TEQ2011-03-06,15762,Coo,Mother-daughter,3.43,0
Post,Y,ID44,C,TEQ2011-03-06,15767,Coo,Mother-daughter,3.38,0
Post,Y,ID44,C,TEQ2011-03-06,15771,Coo,Mother-daughter,10.27,0
Post,Y,ID44,C,TEQ2011-03-06,17129,Coco,Other close kin,0.67,0
Post,Y,ID44,C,TEQ2011-03-06,17129,Coo,Mother-daughter,1.33,0
Post,Y,ID44,C,TEQ2011-03-06,17130,Coo,Mother-daughter,12.90,0
Post,Y,ID126,G,GEO2009-10-19,13177,Glenda,Other close kin,1.90,0
Post,Y,ID134,K,HOU2009-04-04,13310,Kinky,Mother-daughter,2.20,0
Post,Y,ID134,K,HOU2009-04-04,13313,Kinky,Mother-daughter,4.20,0
Post,Y,ID134,K,HOU2009-04-04,13320,Kinky,Mother-daughter,5.13,0
Post,Y,ID68,K,HOO2011-08-17,17532,Kima,Sisters,0.12,0
Post,Y,ID68,K,HOO2011-08-17,19137,Kima,Sisters,0.18,0
Post,Y,ID68,K,HOO2011-08-17,19137,Kylie,Mother-daughter,11.95,0
Post,Y,ID68,K,HOO2011-08-17,19144,Kima,Sisters,0.22,0
Post,Y,ID71,K,LEN2014-03-24,7246,Keegle,Mother-daughter,13.65,0
Post,Y,ID71,K,LEN2014-03-24,7255,Keegle,Mother-daughter,3.05,0
Post,Y,ID103,L,ELR2011-10-30,19265,Lee,Sisters,2.82,0
Post,Y,ID103,L,ELR2011-10-30,54568,Lee,Sisters,2.82,0
Post,Y,ID100,M3,OSC2013-02-25,10175,Mary,Mother-daughter,0.40,0
Post,Y,ID14,M,OSC2011-08-15,19302,Madeline,Mother-daughter,7.23,0
Post,Y,ID14,M,OSC2011-08-15,19309,Moo,Sisters,0.10,0
Post,Y,ID14,M,OSC2011-08-15,19312,Midge,Mother-daughter,0.27,0
Post,Y,ID14,M,OSC2011-08-15,54604,Madeline,Mother-daughter,7.23,0
Post,Y,ID14,M,OSC2013-02-25,10200,Madeline,Mother-daughter,13.58,0
Post,Y,ID32,M,OSC2011-08-15,17680,Mouse,Sisters,11.88,0
Post,Y,ID32,M,OSC2011-08-15,17683,Maze,Sisters,5.12,0
Post,Y,ID34,M,OSC2011-08-15,17698,Monica,Non-kin,1.13,1
Post,Y,ID34,M1,OSC2011-08-15,17695,Maze,Non-kin,5.05,1
Post,Y,ID34,M1,OSC2011-08-15,19409,Mouse,Mother-daughter,9.80,0
Post,Y,ID34,M1,OSC2011-08-15,19419,Mouse,Mother-daughter,5.67,0
Post,Y,ID34,M1,OSC2011-08-15,19421,Mouse,Mother-daughter,4.98,0
Post,Y,ID34,M1,OSC2011-08-15,54736,Mouse,Mother-daughter,5.67,0
Post,Y,ID34,M1,OSC2011-08-15,54737,Mouse,Mother-daughter,9.80,0
Post,Y,ID21,M1,OSC2011-08-15,17723,Mary,Other close kin,1.42,0
Post,Y,ID21,M1,OSC2011-08-15,17725,Madeline,Non-kin,0.68,1
Post,Y,ID21,M1,OSC2011-08-15,17735,Mary,Other close kin,6.27,0
Post,Y,ID21,M1,OSC2011-08-15,19453,Maze,Mother-daughter,14.63,0
Post,Y,ID21,M1,OSC2011-08-15,19461,Maze,Mother-daughter,4.38,0
Post,Y,ID21,M1,OSC2011-08-15,19461,Mimi,Non-kin,2.33,1
Post,Y,ID21,M1,OSC2011-08-15,19462,Maze,Mother-daughter,1.80,0
Post,Y,ID21,M1,OSC2011-08-15,19466,Maze,Mother-daughter,1.88,0
Post,Y,ID21,M1,OSC2011-08-15,19469,Midge,Non-kin,3.00,1
Post,Y,ID21,M1,OSC2011-08-15,54818,Maze,Mother-daughter,14.63,0
Post,Y,ID19,M2,OSC2011-08-15,19487,Madeline,Sisters,1.48,0
Post,Y,ID18,N,EDW2016-04-15,2852,Nymphadora,Non-kin,1.32,1
Post,Y,ID67,R,ROM2011-06-06,17883,Ricki,Sisters,4.57,0
Post,Y,ID67,R,ROM2011-06-06,17883,Roxanne,Other close kin,2.33,0
Post,Y,ID93,T,TAO2009-08-08,13661,Tail,Mother-daughter,2.98,0
Post,Y,ID63,T,VOD2012-03-13,55453,Tea,Sisters,1.30,0
Post,Y,ID94,Z,ERO2014-05-27,8035,Zamboni,Sisters,0.45,0
Post,Y,ID94,Z,ERO2014-05-27,8035,Zoo,Sisters,11.72,0
Post,Y,ID94,Z5,ERO2014-05-27,9410,Zion,Sisters,5.18,0
Post,Y,ID52,Z,ERO2014-05-27,8054,Zebra,Non-kin,0.05,1
Post,Y,ID39,Z3,ERO2014-05-27,9449,Zoe,Mother-daughter,1.43,0